User_Id,location
,
arsh_sndhu2,"Sankt Pauli, Hamburg, Germany"
_sahnat,"Ludhiana, Punjab, India"
bodywise.shop,"Mumbai, Maharashtra"
sushmita_absolute_love,Love
hairtimeandbeautylounge,Hair Time Güzellik Salonu
belowskincosmetics,"Lindsay, Ontario"
beauty_tatarka1,Нурлатский район
regina_humbles,Abokobi
metropolitanbeautyacademy,Cluj-Napoca
waveshairandbeautysalon,Shweta's Waves Institute Of Hair & beauty
vvj_prime_25,എന്റെ കേരളം - ente keralam
boutiqie_0506,"Barcelona, Spain"
jackieglammakeup,Washington D. C.
lanka.shop2021,"Abidjan, Cote D'ivoire"
mahakashifphotography,Islamabad اسلام آباد
blue_hydr4,"Puente Alto, Chile"
_menaluna,"Cham, Germany"
angelaoliveira.makeupp,Caxias do Sul
vivisafrabeauty,"São Paulo, Brazil"
carolinczaa,"Grudziadz, Poland"
makeuprenaissance,Rudrapur
nsfcosmetictattoo,"Croydon, Victoria, Australia"
vivifipkemakeup,Ponta Grossa
aura_hairstylist_wellness,"Rua 31 De Janeiro, Amarante"
daynakanemakeup,Strathaven
esmeraldamakeupstudio,Esmeralda Makeup Studio
lojamiladys,"Várzea Centro, Teresópolis"
akmicroblading,"Midland, Michigan"
hdstudio.ae,Mirdif
bruna.calegarimakeup,D Concept Campinas
jajakac_official,"Bystrocice, Olomoucký Kraj, Czech Republic"
broad__,Cheongju
its.my.love.0,"Baghdad, Iraq"
hanaichi.flower.hk,Hanaichi Flower
glamxpressng,Lekki Phase 1.
tortita_ms,"New York, New York"
lore.ilunurk,Sim Salong
pro11makeupacademy,Pro11 Professional Make-up Academy
malai.nyc,"New York City, N.Y."
anastasiya.korshikova,Бузулук Оренбург.обл.
_jennakristiinaa_,"Kuopio, Finland"
prashantsh_5094,Nikol Ahemdabad
annacerazza,"Lisbon, Portugal"
eleazarmakeup,"Jakarta, Indonesia"
makeupahmadfares,"Beirut, Lebanon"
marinamuesser,Madame LOYAL
mare_docecg,Chapada Gaucha Norte de Minas MG
tanninghousefrance,"Perpignan, Francia"
judithhh__w,"Wawel, Krakow, Poland"
project_photography365,Germany
mihimaru_.gt,ユニバーサル・スタジオ・ジャパン / Universal Studios Japan (USJ)
miri_scico,Bedizzole
pooja_mhaske_555,"Pune, Maharashtra"
makeupartistharini,Guntakal
bigphotography.in,"Madurai, India"
ladharieva,Msaken
pallavis_memsaab_beautyclinic,"Mumbai, Maharashtra"
hoshinokuni_creemare,新札幌駅
nandhu_s_28,Tirunelveli
sasha98hklp,"Warsaw, Poland"
katygizi_makeup,Port of Haifa
nashaforeva1212,Himmatnagar Heart Of S.K.
jualkado__,Tulungagung
beautylife.store_,"Bishkek, Kyrgyzstan"
nadiahair.es,"Albox, Spain"
juliadzwonkowska,"Torun, Poland"
bluediamondkizilay,"Kızılay, Ankara"
_.one_touch._,Bagsewania
sr_makeover_studio,K-hills Wedding
mirabridal2020,Mira Bridal
nargess_naill,Explore اکسپلور
makeoverbygaganamurali,Nagarabaavi
nwziqsmi,ExploreTehran
_nniiiiiiii_,Germany
ila.mos,"Naples, Italy"
escapefortravel,Milan Vatika hotel
vs_studio._,Rasipuram
pudra_beineu1,"Beyneu, Mangghystaū, Kazakhstan"
elifceguzelliksalonuu,Elifce Güzellik Salonu
dhvani2399,Greenwich Park
angelade.petit,Not Your Business
thestorepy_,By Linda Vázquez Studio de Make Up & Hair. Peluqueria
carolvieir4,Studio Carol Vieira
jaquelinerocha.hair,Baixo Madureira
veranda.nail,"Kamenets, Belarus"
lakolla,"Miami, Florida"
_ewelkaa,"Kolonia Ostrówek, Lublin, Poland"
achersta,Poland
mbb.is.my.heart,Millie
lukinbeauty,"Newcastle, New South Wales"
ramazanemre_kocakaya,Elifce Güzellik Salonu
sevvalesttik,sevvalestetik
thaisroquebeautyartist,Thaís Roque Beauty Artist
markaki_athina,"Heraklion, Greece"
jaquelinecardoso,"Arapongas, Parana, Brazil"
lovemaaii,"London, United Kingdom"
carolebragghairgirl,"Laurens, South Carolina"
rehartist,Movenpick Resort jedda
frederikjjensen,Bella Center
manu_make10,Cruz de Rebouças
_mehagic_,"Bihać, Bosnia & Herzegovina"
ines_vino,Wolke 7
mr.private0803,315 विधानसभा फरेंदा
makeupbygenm,"Yabucoa, Puerto Rico"
ginapayne1996,"Folkestone, Kent"
beautico,"Bangalore, India"
davidaldean,Zinc Gastro Bar
alphatrends1,"Sabana De Mendoza, Trujillo, Venezuela"
s.an.drq,Hawana Hawana
toubamondialcosmetic_casor,TMC Touba Mondial Cosmetics Castor
shrutisapte09,Rajdhani Satara
dparaujomakeuphair,"Belo Horizonte, Brazil"
salao__glamour,"Várzea Alegra, Ceara, Brazil"
ssiiish_,DELHI NCR LIFE
karolina_makeuproom,"Split, Croatia"
yubi_kayu,HK Romance Dating 香港婚活 - Speed Dating & 1 on 1 Dating
weekend.owo,Praga-Północ
lori_ciulea,Germany
vpartistry_v,"Wethersfield, Connecticut"
juliapryputniewicz,Akademia Wizażu i Stylizacji
dulceveinot,"Pompano Beach, Florida"
kremnatur_naturkozmetikum,"Budapest, Hungary"
estevakonya,"Konya, Turkey"
danslatetedunesuperficielle,Studio
you_kam19,京都テルサ
thefacepalette,Face Palette International Makeup Academy
ilonalach_makeup,Bytom
snezanagrba,Montenegro
kathbrows.studio,"Vila Nova de Gaia, Portugal"
free.style.voula_margelou,TDF - Thessaloniki Dance Festival
claudiasilvamua,Vila do Conde
makeupbyclaudita,"Los Angeles, California"
cansucar_bbeauty,Pozcu Evo
ciceklerinmasali,Tekirdag
im_stylish_princess_of_india,"Delhi, India"
nidhisharma.mrspunjab2021,"Ludhiana, Punjab, India"
emilia_czerwinska,Zielona Góra
nataly__nichil,Darkflower
poonampatil_fc,Nashik - the Best Climate City
foxxyy_l,"Rennes, France"
